Opening Ceremony	Town	Province
20-Dec-24	Songchon	South Phyongan
07-Jan-25	Jaeryong	South Hwanghae
08-Jan-25	Sukchon	South Phyongan
10-Jan-25	Unpha	North Hwanghae
12-Jan-25	Kyongsong	North Hamgyong
14-Jan-25	Unchon	South Hwanghae
16-Jan-25	Yonthan	North Hwanghae
18-Jan-25	Hamju	South Hamgyong
20-Jan-25	Onchon	Nampho
24-Jan-25	Kujang	North Phyongan
25-Jan-25	Usi	Jagang
29-Jan-25	Kosan	Kangwon
30-Jan-25	Kusong	North Phyongan
31-Jan-25	Orang	North Hamgyong
01-Feb-25	Jangphung	Kaesong
03-Feb-25	Kumya	South Hamgyong
04-Feb-25	Tongsin	Jagang
07-Feb-25	Unsan	North Phyongan
09-Feb-25	Ichon	Kangwon
11-Feb-25	Kim Hyong Jik	Ryanggang
