Opening Ceremony	Location	Province
November 19, 2025	Kangdong (Hospital)	Pyongyang
December 15, 2025	Kangdong (Factories)	Pyongyang
December 15, 2025	Puryong	North Hamgyong
December 15, 2025	Taegwan	North Phyongan
December 15, 2025	Sinyang	South Phyongan
December 15, 2025	Rangnim	Jagang
December 16, 2025	Hwangju	North Hwanghae
December 18, 2025	Jangyon	South Hwanghae
December 18, 2025	Pukchang	South Pyongan
December 18, 2025	Janggang	Jagang
December 18, 2025	Cholwon	Kangwon
December 19, 2025	Sinpho	South Hamgyong
December 20, 2025	Kim Jong Suk	Ryanggang
December 20, 2025	Sepho	Kangwon
December 20, 2025	Koksan	North Hwanghae
December 20, 2025	Paechon	South Hwanghae
December 23, 2025	Kilju	North Hamgyong
December 24, 2025	Jongphyong	South Hamgyong
December 26, 2025	Yomju	North Phyongan
December 26, 2025	Kaephung	Kaesong
December 29, 2025	Ryonggang	Nampho
